{"cameraMode":{"drawMode":0,"name":"Shaded","section":"Shading Mode"},"sceneLighting":true,"audioPlay":false,"sceneViewState":{"showFog":true,"showMaterialUpdate":false,"showSkybox":true,"showFlares":true,"showImageEffects":true,"showParticleSystems":true},"in2DMode":false,"pivot":{"x":0.012387332506477833,"y":-0.038402412086725238,"z":0.0047112153843045239},"rotation":{"x":0.03325209766626358,"y":0.5789251923561096,"z":-0.02363990806043148,"w":0.8143688440322876},"size":3.163655996322632,"orthographic":false}